[
{
    "model": "surveys.question",
    "pk": 1,
    "fields": {
        "name": "enjoy_activities_this_week",
        "label": "How much are you enjoying the physical activities you did this week?",
        "description": null,
        "created": "2019-04-15T16:21:52.944Z",
        "updated": "2019-04-15T16:21:52.944Z"
    }
},
{
    "model": "surveys.question",
    "pk": 2,
    "fields": {
        "name": "daily_routine",
        "label": "How well is physical activity currently fitting into your daily routine?",
        "description": null,
        "created": "2019-04-15T16:23:22.066Z",
        "updated": "2019-04-15T16:23:22.066Z"
    }
},
{
    "model": "surveys.question",
    "pk": 3,
    "fields": {
        "name": "support",
        "label": "People in my life supported me in my efforts to be more active this past week",
        "description": null,
        "created": "2019-04-15T16:24:55.337Z",
        "updated": "2019-04-15T16:24:55.337Z"
    }
},
{
    "model": "surveys.question",
    "pk": 4,
    "fields": {
        "name": "important",
        "label": "This past week, I walked or exercised because it's important for my life",
        "description": null,
        "created": "2019-04-15T16:26:11.031Z",
        "updated": "2019-04-15T16:26:11.031Z"
    }
},
{
    "model": "surveys.question",
    "pk": 5,
    "fields": {
        "name": "other_people",
        "label": "This past week, I walked or exercised because other people think I should.",
        "description": null,
        "created": "2019-04-15T16:27:15.078Z",
        "updated": "2019-04-15T16:27:15.078Z"
    }
},
{
    "model": "surveys.question",
    "pk": 6,
    "fields": {
        "name": "restless",
        "label": "This week, I walked or exercised because I felt restless, stressed, or in a bad mood.",
        "description": null,
        "created": "2019-04-15T16:28:24.212Z",
        "updated": "2019-04-15T16:28:24.212Z"
    }
},
{
    "model": "surveys.question",
    "pk": 7,
    "fields": {
        "name": "busy",
        "label": "How busy is your day going to be today?",
        "description": null,
        "created": "2019-04-15T16:34:46.267Z",
        "updated": "2019-04-15T16:34:46.267Z"
    }
},
{
    "model": "surveys.question",
    "pk": 8,
    "fields": {
        "name": "rested",
        "label": "How well rested do you feel this morning?",
        "description": null,
        "created": "2019-04-15T16:35:33.031Z",
        "updated": "2019-04-15T16:35:33.031Z"
    }
},
{
    "model": "surveys.question",
    "pk": 9,
    "fields": {
        "name": "committed",
        "label": "How committed do you feel this morning to being physically active today?",
        "description": null,
        "created": "2019-04-15T16:36:35.945Z",
        "updated": "2019-04-15T16:36:35.945Z"
    }
},
{
    "model": "surveys.answer",
    "pk": 1,
    "fields": {
        "label": "Not at all",
        "value": "1",
        "question": 1,
        "order": 1,
        "created": "2019-04-15T16:21:53.059Z",
        "updated": "2019-04-15T16:21:53.059Z"
    }
},
{
    "model": "surveys.answer",
    "pk": 2,
    "fields": {
        "label": "A little",
        "value": "2",
        "question": 1,
        "order": 2,
        "created": "2019-04-15T16:21:53.098Z",
        "updated": "2019-04-15T16:21:53.098Z"
    }
},
{
    "model": "surveys.answer",
    "pk": 3,
    "fields": {
        "label": "Moderate",
        "value": "3",
        "question": 1,
        "order": 3,
        "created": "2019-04-15T16:21:53.136Z",
        "updated": "2019-04-15T16:21:53.136Z"
    }
},
{
    "model": "surveys.answer",
    "pk": 4,
    "fields": {
        "label": "Mostly",
        "value": "4",
        "question": 1,
        "order": 4,
        "created": "2019-04-15T16:21:53.174Z",
        "updated": "2019-04-15T16:21:53.174Z"
    }
},
{
    "model": "surveys.answer",
    "pk": 5,
    "fields": {
        "label": "Very much",
        "value": "5",
        "question": 1,
        "order": 5,
        "created": "2019-04-15T16:21:53.213Z",
        "updated": "2019-04-15T16:21:53.213Z"
    }
},
{
    "model": "surveys.answer",
    "pk": 6,
    "fields": {
        "label": "Not at all",
        "value": "1",
        "question": 2,
        "order": 1,
        "created": "2019-04-15T16:23:22.180Z",
        "updated": "2019-04-15T16:23:22.180Z"
    }
},
{
    "model": "surveys.answer",
    "pk": 7,
    "fields": {
        "label": "A little",
        "value": "2",
        "question": 2,
        "order": 2,
        "created": "2019-04-15T16:23:22.219Z",
        "updated": "2019-04-15T16:23:22.219Z"
    }
},
{
    "model": "surveys.answer",
    "pk": 8,
    "fields": {
        "label": "Moderate",
        "value": "3",
        "question": 2,
        "order": 3,
        "created": "2019-04-15T16:23:22.256Z",
        "updated": "2019-04-15T16:23:22.256Z"
    }
},
{
    "model": "surveys.answer",
    "pk": 9,
    "fields": {
        "label": "Mostly",
        "value": "4",
        "question": 2,
        "order": 4,
        "created": "2019-04-15T16:23:22.294Z",
        "updated": "2019-04-15T16:23:22.294Z"
    }
},
{
    "model": "surveys.answer",
    "pk": 10,
    "fields": {
        "label": "Very much",
        "value": "5",
        "question": 2,
        "order": 5,
        "created": "2019-04-15T16:23:22.332Z",
        "updated": "2019-04-15T16:23:22.332Z"
    }
},
{
    "model": "surveys.answer",
    "pk": 11,
    "fields": {
        "label": "Not at all true",
        "value": "1",
        "question": 3,
        "order": 1,
        "created": "2019-04-15T16:24:55.451Z",
        "updated": "2019-04-15T16:24:55.451Z"
    }
},
{
    "model": "surveys.answer",
    "pk": 12,
    "fields": {
        "label": "2",
        "value": "2",
        "question": 3,
        "order": 2,
        "created": "2019-04-15T16:24:55.489Z",
        "updated": "2019-04-15T16:24:55.489Z"
    }
},
{
    "model": "surveys.answer",
    "pk": 13,
    "fields": {
        "label": "3",
        "value": "3",
        "question": 3,
        "order": 3,
        "created": "2019-04-15T16:24:55.527Z",
        "updated": "2019-04-15T16:24:55.527Z"
    }
},
{
    "model": "surveys.answer",
    "pk": 14,
    "fields": {
        "label": "4",
        "value": "4",
        "question": 3,
        "order": 4,
        "created": "2019-04-15T16:24:55.565Z",
        "updated": "2019-04-15T16:24:55.565Z"
    }
},
{
    "model": "surveys.answer",
    "pk": 15,
    "fields": {
        "label": "Very true",
        "value": "5",
        "question": 3,
        "order": 5,
        "created": "2019-04-15T16:24:55.602Z",
        "updated": "2019-04-15T16:24:55.602Z"
    }
},
{
    "model": "surveys.answer",
    "pk": 16,
    "fields": {
        "label": "Not at all",
        "value": "1",
        "question": 4,
        "order": 1,
        "created": "2019-04-15T16:26:11.144Z",
        "updated": "2019-04-15T16:26:11.144Z"
    }
},
{
    "model": "surveys.answer",
    "pk": 17,
    "fields": {
        "label": "2",
        "value": "2",
        "question": 4,
        "order": 2,
        "created": "2019-04-15T16:26:11.182Z",
        "updated": "2019-04-15T16:26:11.182Z"
    }
},
{
    "model": "surveys.answer",
    "pk": 18,
    "fields": {
        "label": "3",
        "value": "3",
        "question": 4,
        "order": 3,
        "created": "2019-04-15T16:26:11.220Z",
        "updated": "2019-04-15T16:26:11.220Z"
    }
},
{
    "model": "surveys.answer",
    "pk": 19,
    "fields": {
        "label": "4",
        "value": "4",
        "question": 4,
        "order": 4,
        "created": "2019-04-15T16:26:11.258Z",
        "updated": "2019-04-15T16:26:11.258Z"
    }
},
{
    "model": "surveys.answer",
    "pk": 20,
    "fields": {
        "label": "Very much",
        "value": "5",
        "question": 4,
        "order": 5,
        "created": "2019-04-15T16:26:11.296Z",
        "updated": "2019-04-15T16:26:11.296Z"
    }
},
{
    "model": "surveys.answer",
    "pk": 21,
    "fields": {
        "label": "Not at all true",
        "value": "1",
        "question": 5,
        "order": 1,
        "created": "2019-04-15T16:27:15.191Z",
        "updated": "2019-04-15T16:27:15.191Z"
    }
},
{
    "model": "surveys.answer",
    "pk": 22,
    "fields": {
        "label": "2",
        "value": "2",
        "question": 5,
        "order": 2,
        "created": "2019-04-15T16:27:15.228Z",
        "updated": "2019-04-15T16:27:15.228Z"
    }
},
{
    "model": "surveys.answer",
    "pk": 23,
    "fields": {
        "label": "3",
        "value": "3",
        "question": 5,
        "order": 3,
        "created": "2019-04-15T16:27:15.266Z",
        "updated": "2019-04-15T16:27:15.266Z"
    }
},
{
    "model": "surveys.answer",
    "pk": 24,
    "fields": {
        "label": "4",
        "value": "4",
        "question": 5,
        "order": 4,
        "created": "2019-04-15T16:27:15.304Z",
        "updated": "2019-04-15T16:27:15.304Z"
    }
},
{
    "model": "surveys.answer",
    "pk": 25,
    "fields": {
        "label": "Very true",
        "value": "5",
        "question": 5,
        "order": 5,
        "created": "2019-04-15T16:27:15.341Z",
        "updated": "2019-04-15T16:27:15.341Z"
    }
},
{
    "model": "surveys.answer",
    "pk": 26,
    "fields": {
        "label": "Not at all true",
        "value": "1",
        "question": 6,
        "order": 1,
        "created": "2019-04-15T16:28:24.326Z",
        "updated": "2019-04-15T16:28:24.326Z"
    }
},
{
    "model": "surveys.answer",
    "pk": 27,
    "fields": {
        "label": "2",
        "value": "2",
        "question": 6,
        "order": 2,
        "created": "2019-04-15T16:28:24.364Z",
        "updated": "2019-04-15T16:28:24.364Z"
    }
},
{
    "model": "surveys.answer",
    "pk": 28,
    "fields": {
        "label": "3",
        "value": "3",
        "question": 6,
        "order": 3,
        "created": "2019-04-15T16:28:24.402Z",
        "updated": "2019-04-15T16:28:24.402Z"
    }
},
{
    "model": "surveys.answer",
    "pk": 29,
    "fields": {
        "label": "4",
        "value": "4",
        "question": 6,
        "order": 4,
        "created": "2019-04-15T16:28:24.439Z",
        "updated": "2019-04-15T16:28:24.440Z"
    }
},
{
    "model": "surveys.answer",
    "pk": 30,
    "fields": {
        "label": "Very true",
        "value": "5",
        "question": 6,
        "order": 5,
        "created": "2019-04-15T16:28:24.477Z",
        "updated": "2019-04-15T16:28:24.477Z"
    }
},
{
    "model": "surveys.answer",
    "pk": 31,
    "fields": {
        "label": "Not at all busy",
        "value": "1",
        "question": 7,
        "order": 1,
        "created": "2019-04-15T16:34:46.382Z",
        "updated": "2019-04-15T16:34:46.382Z"
    }
},
{
    "model": "surveys.answer",
    "pk": 32,
    "fields": {
        "label": "2",
        "value": "2",
        "question": 7,
        "order": 2,
        "created": "2019-04-15T16:34:46.421Z",
        "updated": "2019-04-15T16:34:46.421Z"
    }
},
{
    "model": "surveys.answer",
    "pk": 33,
    "fields": {
        "label": "3",
        "value": "3",
        "question": 7,
        "order": 3,
        "created": "2019-04-15T16:34:46.459Z",
        "updated": "2019-04-15T16:34:46.459Z"
    }
},
{
    "model": "surveys.answer",
    "pk": 34,
    "fields": {
        "label": "4",
        "value": "4",
        "question": 7,
        "order": 4,
        "created": "2019-04-15T16:34:46.497Z",
        "updated": "2019-04-15T16:34:46.497Z"
    }
},
{
    "model": "surveys.answer",
    "pk": 35,
    "fields": {
        "label": "Very busy",
        "value": "5",
        "question": 7,
        "order": 5,
        "created": "2019-04-15T16:34:46.535Z",
        "updated": "2019-04-15T16:34:46.535Z"
    }
},
{
    "model": "surveys.answer",
    "pk": 36,
    "fields": {
        "label": "Not at all rested",
        "value": "1",
        "question": 8,
        "order": 1,
        "created": "2019-04-15T16:35:33.148Z",
        "updated": "2019-04-15T16:35:33.148Z"
    }
},
{
    "model": "surveys.answer",
    "pk": 37,
    "fields": {
        "label": "2",
        "value": "2",
        "question": 8,
        "order": 2,
        "created": "2019-04-15T16:35:33.187Z",
        "updated": "2019-04-15T16:35:33.187Z"
    }
},
{
    "model": "surveys.answer",
    "pk": 38,
    "fields": {
        "label": "3",
        "value": "3",
        "question": 8,
        "order": 3,
        "created": "2019-04-15T16:35:33.225Z",
        "updated": "2019-04-15T16:35:33.225Z"
    }
},
{
    "model": "surveys.answer",
    "pk": 39,
    "fields": {
        "label": "4",
        "value": "4",
        "question": 8,
        "order": 4,
        "created": "2019-04-15T16:35:33.263Z",
        "updated": "2019-04-15T16:35:33.263Z"
    }
},
{
    "model": "surveys.answer",
    "pk": 40,
    "fields": {
        "label": "Very rested",
        "value": "5",
        "question": 8,
        "order": 5,
        "created": "2019-04-15T16:35:33.301Z",
        "updated": "2019-04-15T16:35:33.301Z"
    }
},
{
    "model": "surveys.answer",
    "pk": 41,
    "fields": {
        "label": "Not at all committed",
        "value": "1",
        "question": 9,
        "order": 1,
        "created": "2019-04-15T16:36:36.058Z",
        "updated": "2019-04-15T16:36:36.058Z"
    }
},
{
    "model": "surveys.answer",
    "pk": 42,
    "fields": {
        "label": "2",
        "value": "2",
        "question": 9,
        "order": 2,
        "created": "2019-04-15T16:36:36.096Z",
        "updated": "2019-04-15T16:36:36.096Z"
    }
},
{
    "model": "surveys.answer",
    "pk": 43,
    "fields": {
        "label": "3",
        "value": "3",
        "question": 9,
        "order": 3,
        "created": "2019-04-15T16:36:36.134Z",
        "updated": "2019-04-15T16:36:36.134Z"
    }
},
{
    "model": "surveys.answer",
    "pk": 44,
    "fields": {
        "label": "4",
        "value": "4",
        "question": 9,
        "order": 4,
        "created": "2019-04-15T16:36:36.171Z",
        "updated": "2019-04-15T16:36:36.171Z"
    }
},
{
    "model": "surveys.answer",
    "pk": 45,
    "fields": {
        "label": "Very committed",
        "value": "5",
        "question": 9,
        "order": 5,
        "created": "2019-04-15T16:36:36.209Z",
        "updated": "2019-04-15T16:36:36.209Z"
    }
},
{
    "model": "weeks.weekquestion",
    "pk": 1,
    "fields": {}
},
{
    "model": "weeks.weekquestion",
    "pk": 2,
    "fields": {}
},
{
    "model": "weeks.weekquestion",
    "pk": 3,
    "fields": {}
},
{
    "model": "weeks.weekquestion",
    "pk": 4,
    "fields": {}
},
{
    "model": "weeks.weekquestion",
    "pk": 5,
    "fields": {}
},
{
    "model": "weeks.weekquestion",
    "pk": 6,
    "fields": {}
},
{
    "model": "morning_messages.morningmessagequestion",
    "pk": 7,
    "fields": {}
},
{
    "model": "morning_messages.morningmessagequestion",
    "pk": 8,
    "fields": {}
},
{
    "model": "morning_messages.morningmessagequestion",
    "pk": 9,
    "fields": {}
}
]
